<?xml version="1.0" encoding="utf-8"?>
<extension type="component" version="3.0" method="upgrade">
    <name>com_carousel</name>
    <creationDate>2014-08-20</creationDate>
    <copyright>Copyright (C) 2014. All rights reserved.</copyright>
    <license>GNU General Public License version 2 or later; see LICENSE.txt</license>
    <author>Elmer Timan</author>
    <authorEmail>elmer.timan@iat.ac.ae</authorEmail>
    <authorUrl>http://www.iat.ac.ae</authorUrl>
    <version>1.0.0</version>
    <description>A Bootstrap 3 Carousel Component... This requires a module to be able to display. </description>
    
    
    
    <install> <!-- Runs on install -->
        <sql>
            <file driver="mysql" charset="utf8">sql/install.mysql.utf8.sql</file>
        </sql>
    </install>
    <uninstall> <!-- Runs on uninstall -->
        <sql>
            <file driver="mysql" charset="utf8">sql/uninstall.mysql.utf8.sql</file>
        </sql>
    </uninstall>
    <administration>
        <menu img="components/com_carousel/assets/images/s_com_carousel.png" >COM_CAROUSEL</menu>
        <submenu>
            
			<menu link="option=com_carousel&amp;view=items" view="items" img="components/com_carousel/assets/images/s_items.png" alt="Carousel/Items">COM_CAROUSEL_TITLE_ITEMS</menu>

        </submenu>
        <files folder="administrator">
            <filename>access.xml</filename>
            <filename>config.xml</filename>
            <filename>controller.php</filename>
            <filename>index.html</filename>
            <filename>carousel.php</filename>
            <folder>controllers</folder>
            <folder>assets</folder>
            <folder>helpers</folder>
            <folder>models</folder>
            <folder>sql</folder>
            <folder>tables</folder>
            <folder>views</folder>
            <folder>language</folder>
        </files>
        <languages folder="administrator">
            
			<language tag="en-GB">language/en-GB/en-GB.com_carousel.ini</language>
			<language tag="en-GB">language/en-GB/en-GB.com_carousel.sys.ini</language>
        </languages>
    </administration>
    <plugins>
        <plugin group="search" plugin="carousel"/>
    </plugins>
    
</extension>
