<?xml version="1.0" encoding="utf-8"?><!--
/**
 * @copyright	Copyright © 2014 - All rights reserved.
 * @license		GNU General Public License v2.0
 */
-->
<extension type="module" method="upgrade" client="">
	<name>Simple Bootstrap 3 Carousel Module</name>
	<creationDate>Aug 20, 2014</creationDate>
	<author>Elmer M. Timan</author>
	<authorEmail>elmer.timan@iat.ac.ae</authorEmail>
	<authorUrl>http://www.iat.ac.ae</authorUrl>
	<copyright>Copyright © 2014 - All rights reserved.</copyright>
	<license>GNU General Public License v2.0</license>
	<version>1.0.0</version>
	<description>This Requires Simple Bootstrap 3 Carousel Component</description>
	<files>
		<filename module="mod_carousel">mod_carousel.php</filename>
		<filename>mod_carousel.xml</filename>
		<filename>index.html</filename>
		<folder>languages</folder>
		<folder>tmpl</folder>
		<folder>assets</folder>
	</files>
	<config>
		<fields name="params">
</fields>
	</config> 
	<languages folder="languages">
		<language tag="en-GB">en-GB/en-GB.mod_carousel.sys.ini</language>
		<language tag="en-GB">en-GB/en-GB.mod_carousel.ini</language>
		<language tag="ru-RU">ru-RU/ru-RU.mod_carousel.sys.ini</language>
		<language tag="ru-RU">ru-RU/ru-RU.mod_carousel.ini</language>
	</languages>
</extension>